{"label_to_idx": {"arm": 1, "baby": 2, "bag": 3, "bar": 4, "basket": 5, "bathtub": 6, "bed": 7, "blanket": 8, "blind": 9, "board": 10, "book": 11, "bookshelf": 12, "bottle": 13, "bowl": 14, "box": 15, "brick": 16, "button": 17, "cabinet": 18, "can": 19, "candle": 20, "carpet": 21, "cat": 22, "ceiling": 23, "chair": 24, "child": 25, "clock": 26, "coffee table": 27, "computer": 28, "container": 29, "cord": 30, "couch": 31, "counter": 32, "cup": 33, "curtain": 34, "cushion": 35, "design": 36, "desk": 37, "dog": 38, "door": 39, "drawer": 40, "dresser": 41, "ear": 42, "eye": 43, "face": 44, "faucet": 45, "fireplace": 46, "floor": 47, "flower": 48, "foot": 49, "frame": 50, "glass": 51, "hair": 52, "hand": 53, "handle": 54, "hat": 55, "head": 56, "headboard": 57, "holder": 58, "jacket": 59, "jar": 60, "key": 61, "keyboard": 62, "kitten": 63, "knob": 64, "lamp": 65, "laptop": 66, "leaf": 67, "leg": 68, "lid": 69, "light": 70, "logo": 71, "luggage": 72, "magazine": 73, "microwave": 74, "mirror": 75, "monitor": 76, "mouse": 77, "mug": 78, "nose": 79, "outlet": 80, "oven": 81, "package": 82, "painting": 83, "paper": 84, "paw": 85, "pen": 86, "person": 87, "phone": 88, "picture": 89, "pillow": 90, "pipe": 91, "plant": 92, "plate": 93, "poster": 94, "pot": 95, "rack": 96, "refrigerator": 97, "remote": 98, "rug": 99, "scissors": 100, "screen": 101, "seat": 102, "sheet": 103, "shelf": 104, "shirt": 105, "shoe": 106, "shower": 107, "sink": 108, "speaker": 109, "stand": 110, "sticker": 111, "stool": 112, "stove": 113, "suitcase": 114, "table": 115, "tag": 116, "teddy bear": 117, "television": 118, "tile": 119, "toilet": 120, "toilet paper": 121, "toothbrush": 122, "towel": 123, "trash can": 124, "tray": 125, "urinal": 126, "vase": 127, "vent": 128, "wall": 129, "window": 130}, "idx_to_label": {"1": "arm", "2": "baby", "3": "bag", "4": "bar", "5": "basket", "6": "bathtub", "7": "bed", "8": "blanket", "9": "blind", "10": "board", "11": "book", "12": "bookshelf", "13": "bottle", "14": "bowl", "15": "box", "16": "brick", "17": "button", "18": "cabinet", "19": "can", "20": "candle", "21": "carpet", "22": "cat", "23": "ceiling", "24": "chair", "25": "child", "26": "clock", "27": "coffee table", "28": "computer", "29": "container", "30": "cord", "31": "couch", "32": "counter", "33": "cup", "34": "curtain", "35": "cushion", "36": "design", "37": "desk", "38": "dog", "39": "door", "40": "drawer", "41": "dresser", "42": "ear", "43": "eye", "44": "face", "45": "faucet", "46": "fireplace", "47": "floor", "48": "flower", "49": "foot", "50": "frame", "51": "glass", "52": "hair", "53": "hand", "54": "handle", "55": "hat", "56": "head", "57": "headboard", "58": "holder", "59": "jacket", "60": "jar", "61": "key", "62": "keyboard", "63": "kitten", "64": "knob", "65": "lamp", "66": "laptop", "67": "leaf", "68": "leg", "69": "lid", "70": "light", "71": "logo", "72": "luggage", "73": "magazine", "74": "microwave", "75": "mirror", "76": "monitor", "77": "mouse", "78": "mug", "79": "nose", "80": "outlet", "81": "oven", "82": "package", "83": "painting", "84": "paper", "85": "paw", "86": "pen", "87": "person", "88": "phone", "89": "picture", "90": "pillow", "91": "pipe", "92": "plant", "93": "plate", "94": "poster", "95": "pot", "96": "rack", "97": "refrigerator", "98": "remote", "99": "rug", "100": "scissors", "101": "screen", "102": "seat", "103": "sheet", "104": "shelf", "105": "shirt", "106": "shoe", "107": "shower", "108": "sink", "109": "speaker", "110": "stand", "111": "sticker", "112": "stool", "113": "stove", "114": "suitcase", "115": "table", "116": "tag", "117": "teddy bear", "118": "television", "119": "tile", "120": "toilet", "121": "toilet paper", "122": "toothbrush", "123": "towel", "124": "trash can", "125": "tray", "126": "urinal", "127": "vase", "128": "vent", "129": "wall", "130": "window"}, "predicate_to_idx": {"above": 1, "against": 2, "at": 3, "attached to": 4, "behind": 5, "belonging to": 6, "beneath": 7, "between": 8, "built into": 9, "connected to": 10, "covering": 11, "displaying": 12, "facing": 13, "filled with": 14, "for": 15, "from": 16, "hanging from": 17, "hanging over": 18, "has": 19, "holding": 20, "in": 21, "in front of": 22, "laying on": 23, "looking at": 24, "lying on": 25, "made of": 26, "mounted on": 27, "near": 28, "of": 29, "on": 30, "outside": 31, "part of": 32, "playing": 33, "plugged into": 34, "printed on": 35, "reading": 36, "reflected in": 37, "reflecting": 38, "resting on": 39, "sitting at": 40, "sitting on": 41, "sleeping on": 42, "stacked on": 43, "standing on": 44, "to": 45, "under": 46, "using": 47, "watching": 48, "wearing": 49, "with": 50}, "idx_to_predicate": {"1": "above", "2": "against", "3": "at", "4": "attached to", "5": "behind", "6": "belonging to", "7": "beneath", "8": "between", "9": "built into", "10": "connected to", "11": "covering", "12": "displaying", "13": "facing", "14": "filled with", "15": "for", "16": "from", "17": "hanging from", "18": "hanging over", "19": "has", "20": "holding", "21": "in", "22": "in front of", "23": "laying on", "24": "looking at", "25": "lying on", "26": "made of", "27": "mounted on", "28": "near", "29": "of", "30": "on", "31": "outside", "32": "part of", "33": "playing", "34": "plugged into", "35": "printed on", "36": "reading", "37": "reflected in", "38": "reflecting", "39": "resting on", "40": "sitting at", "41": "sitting on", "42": "sleeping on", "43": "stacked on", "44": "standing on", "45": "to", "46": "under", "47": "using", "48": "watching", "49": "wearing", "50": "with"}, "predicate_count": {"on": 74966, "has": 25126, "in": 17167, "near": 9820, "above": 9613, "of": 9143, "wearing": 6800, "with": 6182, "sitting on": 3551, "hanging from": 3263, "under": 3205, "behind": 3046, "holding": 2855, "in front of": 1737, "for": 1436, "attached to": 1297, "against": 924, "at": 886, "laying on": 884, "lying on": 597, "covering": 521, "mounted on": 438, "looking at": 399, "using": 379, "standing on": 355, "to": 343, "made of": 296, "sitting at": 269, "between": 235, "playing": 217, "reflected in": 216, "resting on": 204, "part of": 198, "built into": 196, "outside": 187, "belonging to": 184, "from": 182, "filled with": 173, "reading": 169, "watching": 166, "facing": 166, "beneath": 158, "stacked on": 154, "displaying": 148, "sleeping on": 148, "printed on": 147, "plugged into": 146, "connected to": 146, "hanging over": 137, "reflecting": 126}, "object_count": {"person": 45793, "cat": 21225, "wall": 19453, "table": 12419, "window": 10261, "chair": 9835, "child": 9573, "toilet": 9300, "picture": 9230, "bed": 8769, "pillow": 8160, "tile": 7880, "laptop": 7511, "light": 7368, "sink": 7211, "book": 7129, "lamp": 7075, "door": 6929, "mirror": 6890, "floor": 6710, "desk": 6092, "shelf": 5680, "bottle": 5487, "towel": 5461, "keyboard": 5320, "handle": 5305, "dog": 5298, "glass": 5226, "vase": 5050, "cabinet": 4878, "clock": 4799, "television": 4741, "phone": 4675, "computer": 4574, "couch": 4537, "flower": 4448, "frame": 4121, "hand": 3948, "paper": 3811, "refrigerator": 3742, "curtain": 3697, "box": 3690, "counter": 3608, "bag": 3213, "suitcase": 3025, "plant": 2954, "stove": 2734, "cup": 2728, "mouse": 2685, "baby": 2661, "drawer": 2639, "rug": 2638, "microwave": 2487, "ceiling": 2449, "button": 2439, "shirt": 2388, "monitor": 2366, "painting": 2338, "faucet": 2325, "bowl": 2266, "remote": 2241, "head": 2164, "leg": 2162, "screen": 2134, "key": 2120, "cord": 2111, "hair": 2088, "blanket": 2015, "pot": 1893, "carpet": 1809, "ear": 1801, "plate": 1706, "container": 1637, "bathtub": 1630, "knob": 1623, "basket": 1446, "scissors": 1440, "toilet paper": 1439, "teddy bear": 1409, "sheet": 1397, "toothbrush": 1368, "lid": 1363, "seat": 1360, "pipe": 1337, "blind": 1295, "stand": 1278, "speaker": 1258, "outlet": 1215, "oven": 1215, "eye": 1167, "cushion": 1162, "mug": 1127, "arm": 1122, "bookshelf": 1085, "poster": 1084, "shoe": 1069, "face": 1065, "luggage": 1052, "kitten": 1047, "rack": 1043, "sticker": 1006, "brick": 1003, "urinal": 992, "logo": 983, "bar": 963, "candle": 962, "foot": 954, "design": 951, "pen": 946, "board": 938, "headboard": 934, "can": 911, "shower": 887, "coffee table": 884, "fireplace": 872, "vent": 870, "holder": 866, "stool": 838, "dresser": 829, "leaf": 828, "paw": 824, "jacket": 800, "nose": 788, "jar": 787, "trash can": 781, "tag": 780, "package": 731, "hat": 721, "magazine": 718, "tray": 716}}